file	flag	impl	T	shards	mix	cpus	Mops	ops	f	cyc/op	ins/op	IPC	L1miss/op	LLCmiss/op	HITM/op	rHITM/op	cs/op(perf)	cs/op(rusage)	busy	busy_ref	taskclk_cpus
/home1/11833/ryandeng87/lab1/results/part3_20261004-152209_7972219/perf/coarse_T1_S1.r1.txt	ok	coarse	1	1	80/10/10	0	2.182	10908672	0.948	1445	330.5	0.229	25.29	0.4894	0.0003084	0	2.75e-07				1.01
/home1/11833/ryandeng87/lab1/results/part3_20261004-152209_7972219/perf/coarse_T1_S1.r2.txt	ok	coarse	1	1	80/10/10	0	2.183	10918912	0.948	1443	330.9	0.229	24.48	0.5054	0.0004026	0	1.832e-07				1.01
/home1/11833/ryandeng87/lab1/results/part3_20261004-152209_7972219/perf/coarse_T1_S1.r3.txt	ok	coarse	1	1	80/10/10	0	2.175	10876928	0.948	1449	330.9	0.228	24.55	0.4922	0.0001505	0	1.839e-07				1.01
/home1/11833/ryandeng87/lab1/results/part3_20261004-152209_7972219/perf/coarse_T28_S1.r1.txt	ok	coarse	28	1	80/10/10	0,2,4,6,8,10,12,14,16,18,20,22,24,26,28,30,32,34,36,38,40,42,44,46,48,50,52,54	0.9971	5004288	0.948	6.757e+04	1.112e+04	0.165	227.2	0.8419	37.25	0	0.7496				22.46
/home1/11833/ryandeng87/lab1/results/part3_20261004-152209_7972219/perf/coarse_T28_S1.r2.txt	ok	coarse	28	1	80/10/10	0,2,4,6,8,10,12,14,16,18,20,22,24,26,28,30,32,34,36,38,40,42,44,46,48,50,52,54	1.014	5087232	0.948	6.581e+04	1.106e+04	0.168	225.4	0.8285	37.39	0	0.7588				22.28
/home1/11833/ryandeng87/lab1/results/part3_20261004-152209_7972219/perf/coarse_T28_S1.r3.txt	ok	coarse	28	1	80/10/10	0,2,4,6,8,10,12,14,16,18,20,22,24,26,28,30,32,34,36,38,40,42,44,46,48,50,52,54	1.016	5095424	0.948	6.565e+04	1.106e+04	0.169	227.7	0.8444	37.43	0	0.7604				22.27
/home1/11833/ryandeng87/lab1/results/part3_20261004-152209_7972219/perf/coarse_T8_S1.r1.txt	ok	coarse	8	1	80/10/10	0,2,4,6,8,10,12,14	1.04	5204992	0.948	1.111e+04	4907	0.442	143.7	0.9752	17.74	0	0.5276				4.38
/home1/11833/ryandeng87/lab1/results/part3_20261004-152209_7972219/perf/coarse_T8_S1.r2.txt	ok	coarse	8	1	80/10/10	0,2,4,6,8,10,12,14	1.039	5197824	0.948	1.11e+04	4918	0.443	142.5	0.9783	17.72	0	0.5308				4.38
/home1/11833/ryandeng87/lab1/results/part3_20261004-152209_7972219/perf/coarse_T8_S1.r3.txt	ok	coarse	8	1	80/10/10	0,2,4,6,8,10,12,14	1.04	5206016	0.948	1.108e+04	4890	0.442	142.4	0.9657	17.79	0	0.5262				4.37
